pais,ano,conta_corrente,crescimento,desemprego,divida,inflacao,pib_pc_ppc,pib_usd,resultado_fiscal
Alemanha,1980,-1.7760,1.2720,3.3590,,5.4470,12003.4640,856.8330,
Alemanha,1981,-0.6810,0.1100,4.8310,,6.3240,13128.8920,720.8950,
Alemanha,1982,0.8630,-0.7880,6.7340,,5.2560,13840.1760,696.0880,
Alemanha,1983,0.6640,1.5550,8.0990,,3.2840,14656.8530,694.4470,
Alemanha,1984,1.4180,2.8260,8.0580,,2.3960,15678.3330,654.2890,
Alemanha,1985,2.6520,2.1920,8.1240,,2.0840,16569.5850,663.4590,
Alemanha,1986,4.0090,2.4170,7.8340,,-0.1250,17299.8900,947.5830,
Alemanha,1987,3.6950,1.4690,7.8430,,0.2420,17985.8460,1179.1650,
Alemanha,1988,4.3010,3.7360,7.7350,,1.2740,19198.7800,1271.2630,
Alemanha,1989,4.6720,3.9130,6.7900,,2.7780,20527.2360,1262.0000,
Alemanha,1990,3.1200,5.7230,6.1550,,2.6870,22090.7140,1604.4970,
Alemanha,1991,-1.1940,5.0110,5.4700,39.4850,3.4740,23675.1210,1882.4890,-3.2100
Alemanha,1992,-0.9830,2.0150,6.5920,41.8630,5.0460,24540.9690,2146.1400,-2.6320
Alemanha,1993,-0.7810,-0.9810,7.7750,45.5120,4.4760,24738.9500,2080.0920,-3.1100
Alemanha,1994,-1.3100,2.5980,8.4250,47.8750,2.7170,25859.5940,2220.1650,-2.5420
Alemanha,1995,-1.0690,1.5120,8.2330,55.2880,1.7330,26747.9170,2595.2690,-9.4370
Alemanha,1996,-0.4850,1.0280,8.9080,58.1100,1.2740,27464.2660,2507.4480,-3.6380
Alemanha,1997,-0.3440,1.8580,9.6580,59.2070,1.5070,28441.5710,2221.5040,-3.0270
Alemanha,1998,-0.4980,2.1030,9.3830,59.8090,0.5960,29389.2650,2250.8470,-2.6500
Alemanha,1999,-1.1570,2.1270,8.5580,60.3490,0.6470,30447.8330,2216.0720,-1.8660
Alemanha,2000,-1.5240,2.8810,7.9500,59.2390,1.4130,32020.9400,1967.8500,-1.7140
Alemanha,2001,-0.1730,1.6330,7.8000,58.0620,1.9000,33251.9640,1966.3950,-3.1250
Alemanha,2002,1.9540,-0.2290,8.6000,59.8230,1.3260,33666.3540,2100.8650,-4.0860
Alemanha,2003,1.4990,-0.5360,9.7080,63.3440,1.0740,34159.3660,2534.0810,-3.8300
Alemanha,2004,4.5140,1.1710,10.3330,64.9650,1.7800,35529.0520,2851.0230,-3.4210
Alemanha,2005,4.6510,0.8830,11.0080,67.1200,1.9280,37021.1620,2894.9920,-3.3710
Alemanha,2006,5.8100,3.8620,10.0420,66.3970,1.7750,39716.2270,3046.4700,-1.7550
Alemanha,2007,6.6720,2.8870,8.5420,63.6870,2.2710,42063.6190,3484.4670,0.1550
Alemanha,2008,5.6000,0.9100,7.4250,65.1600,2.7540,43386.4270,3808.3690,-0.2630
Alemanha,2009,5.8030,-5.5480,7.2250,72.3360,0.2460,41376.3700,3476.0220,-3.1750
Alemanha,2010,5.7420,4.1470,6.5750,81.0090,1.1190,43723.6280,3470.9870,-4.4200
Alemanha,2011,6.2900,3.7640,5.5170,78.4580,2.4820,46310.6150,3824.1550,-0.8400
Alemanha,2012,7.1880,0.4690,5.0830,79.8040,2.1590,47305.2970,3600.1750,-0.0540
Alemanha,2013,6.7080,0.3860,4.9500,77.4350,1.6070,48164.5200,3808.1420,0.1220
Alemanha,2014,7.2330,2.1720,4.7080,74.5200,0.7690,49859.4420,3966.8230,0.7310
Alemanha,2015,8.1050,1.6560,4.3670,71.2160,0.6800,50714.4240,3423.9150,0.9150
Alemanha,2016,8.9070,2.2890,3.9080,68.2820,0.3670,51947.7030,3536.8080,1.1340
Alemanha,2017,8.0670,2.7130,3.5670,64.0260,1.7020,54110.2780,3761.7640,1.3380
Alemanha,2018,8.4280,1.1160,3.2080,60.8090,1.9350,56273.2590,4053.8460,1.8850
Alemanha,2019,7.8780,0.9930,2.9750,58.7010,1.3540,59270.6900,3957.6450,1.3280
Alemanha,2020,6.3200,-4.1000,3.6250,68.0350,0.3710,58685.7780,3936.9890,-4.3810
Alemanha,2021,6.9200,3.6700,3.5750,68.0770,3.2120,62950.3060,4351.1880,-3.1670
Alemanha,2022,3.8450,1.3670,3.0670,64.9970,8.6660,67869.3320,4166.8720,-2.1470
Alemanha,2023,5.5620,-0.2640,3.0250,62.8780,6.0300,69531.5530,4527.0090,-2.4800
Alemanha,2024,5.7290,-0.2320,3.4080,63.8880,2.4890,70878.4150,4658.5260,-2.7590
Alemanha,2025,5.2470,-0.0500,3.4680,65.3810,2.0860,72599.0090,4744.8040,-2.9530
Alemanha,2026,4.9720,0.9220,3.2150,66.9760,1.9460,74769.4820,4911.7460,-3.4720
Alemanha,2027,4.8560,1.4520,3.0230,68.5290,2.1090,77189.3460,5083.2160,-3.8820
Alemanha,2028,4.6060,1.2010,2.9140,70.3840,2.1800,79718.3850,5251.9280,-4.0940
Alemanha,2029,4.5060,0.9540,2.9180,72.4940,2.1770,81935.8230,5416.0030,-4.2540
Alemanha,2030,4.3890,0.6940,2.9220,74.8500,2.1790,84045.7450,5575.6890,-4.4090
Argentina,1980,-1.1010,0.7000,3.0000,,,7178.0360,233.6960,
Argentina,1981,-3.0140,-5.7440,5.0000,,,7275.7130,189.8020,
Argentina,1982,-3.0950,-3.1490,4.5000,,,7357.9280,94.2500,
Argentina,1983,-2.0950,3.7330,5.0000,,,7820.6740,116.2670,
Argentina,1984,-1.9110,2.0000,5.0000,,,8126.5370,130.5440,
Argentina,1985,-0.9660,-6.9510,6.2500,,,7669.6700,98.5990,
Argentina,1986,-2.4110,7.1460,6.3000,,,8276.8080,118.5650,
Argentina,1987,-3.4840,2.5290,6.0000,,,8598.4930,121.5610,
Argentina,1988,-1.1040,-1.9570,6.5000,,,8622.1650,142.3860,
Argentina,1989,1.1990,-7.0070,8.0000,,,8230.4430,91.3520,
Argentina,1990,2.9520,-1.3380,7.6000,,,8250.7390,158.0240,
Argentina,1991,-0.2020,10.4980,6.4800,,,9299.5000,211.9790,
Argentina,1992,-2.5290,10.2990,7.1120,24.9610,,10349.7820,255.7870,
Argentina,1993,-3.0420,6.2510,11.6060,26.8930,,11092.2660,264.4290,-0.0240
Argentina,1994,-3.8150,5.8300,13.3480,28.4260,,11837.5470,287.8350,-1.2500
Argentina,1995,-1.7690,-2.8450,18.9040,30.7490,,11598.0170,288.4970,-2.0750
Argentina,1996,-2.3520,5.5270,18.7600,32.5510,,12315.6000,304.2820,-2.8110
Argentina,1997,-3.7530,8.1110,16.8080,31.6760,,13388.5970,327.4360,-1.8380
Argentina,1998,-4.3800,3.8500,14.7890,34.1470,0.9250,13903.7730,334.2440,-1.8270
Argentina,1999,-3.8150,-3.3850,16.0610,38.9170,-1.1670,13475.9880,316.9980,-3.7050
Argentina,2000,-2.8780,-0.7890,17.1340,40.8330,-0.9390,13529.2960,317.7590,-3.4170
Argentina,2001,-1.3160,-4.4090,19.2090,48.0070,-1.0650,13091.4940,300.4210,-5.3640
Argentina,2002,7.6660,-10.8940,22.4500,147.2030,25.8690,11733.0270,112.4580,-1.9100
Argentina,2003,5.5970,8.9550,17.2500,125.1620,13.4430,12914.2500,142.4310,1.5000
Argentina,2004,1.7980,8.9110,13.6250,117.8780,4.4160,14308.6230,164.9110,3.9670
Argentina,2005,2.4730,8.8520,11.5750,80.2820,9.6420,15911.1980,199.2730,3.3410
Argentina,2006,2.7910,8.0470,10.1750,70.7930,10.8980,17549.6610,232.8920,1.6500
Argentina,2007,2.1010,9.0080,8.4750,62.1330,8.8300,19456.1720,287.9210,0.7570
Argentina,2008,1.4910,4.0570,7.8750,53.8140,8.5850,20433.4820,363.5450,0.3520
Argentina,2009,2.1670,-5.9190,8.6750,55.3970,6.2700,19155.2970,334.6330,-1.8300
Argentina,2010,-0.3820,10.1250,7.7500,43.4540,10.4610,21008.8700,424.7290,-1.3930
Argentina,2011,-1.0120,6.0040,7.1500,38.9350,9.7750,22469.1400,527.6440,-2.7460
Argentina,2012,-0.3690,-1.0260,7.2000,40.4360,10.0430,22396.4990,579.6660,-3.0180
Argentina,2013,-2.1470,2.4050,7.0750,43.4960,10.6190,23065.9820,611.4710,-3.2540
Argentina,2014,-1.6290,-2.5130,7.2500,44.6970,,22627.9140,563.6140,-4.2520
Argentina,2015,-2.7430,2.7310,6.5330,52.5630,,23210.0940,642.4640,-6.0010
Argentina,2016,-2.7130,-2.0800,8.4670,53.0600,,22701.9340,556.7740,-6.6550
Argentina,2017,-4.8380,2.8190,8.3500,57.0280,25.6750,23514.6670,643.8610,-6.6930
Argentina,2018,-5.1640,-2.6170,9.2000,85.2460,34.2770,24498.3790,524.4310,-5.4410
Argentina,2019,-0.7810,-2.0010,9.8250,89.8400,53.5480,23535.0130,446.7620,-4.4450
Argentina,2020,0.6980,-9.9000,11.5500,103.8160,42.0150,22302.1510,385.2180,-8.6740
Argentina,2021,1.3630,10.4420,8.7500,81.0430,48.4090,26015.2370,486.0400,-4.3330
Argentina,2022,-0.6410,5.2700,6.8250,84.4630,72.4310,29068.3050,632.3180,-3.8440
Argentina,2023,-3.2460,-1.6110,6.1250,155.4110,133.4890,29362.6470,645.5110,-5.3620
Argentina,2024,0.9940,-1.7190,7.1500,85.3340,219.8850,29263.0480,632.1450,0.8610
Argentina,2025,-0.3910,5.5020,6.3000,73.0910,35.9100,31379.4900,683.5330,0.4310
Argentina,2026,-0.2850,4.5200,6.0000,68.2330,14.5420,33182.9360,715.3760,1.4050
Argentina,2027,0.1960,3.9600,6.0000,65.1440,9.4370,34783.9450,715.7660,1.7560
Argentina,2028,0.6330,3.2400,6.0000,63.3410,7.4540,36296.8730,712.6680,1.7170
Argentina,2029,1.0690,3.1290,6.0000,59.3230,7.5000,37740.4990,738.3950,1.6100
Argentina,2030,1.2230,2.9730,6.0000,55.6710,7.5000,39197.8950,776.8150,1.4980
Austrália,1980,-2.3670,2.8940,6.1330,,10.1360,10277.1610,162.9240,
Austrália,1981,-4.0560,4.1270,5.7830,,9.4880,11528.8610,188.4100,
Austrália,1982,-4.1060,0.0630,7.1830,,11.3520,12048.8860,187.0490,
Austrália,1983,-3.1470,-0.4740,9.9670,,10.0390,12304.7900,179.4780,
Austrália,1984,-4.1470,6.3460,8.9670,,3.9600,13390.3520,197.1360,
Austrália,1985,-4.8620,5.4560,8.2580,,6.7350,14362.9500,174.3850,
Austrália,1986,-5.0490,2.4480,8.1170,,9.0500,14789.2690,181.4770,
Austrália,1987,-3.3900,4.8930,8.1080,,8.5330,15649.1650,213.1000,
Austrália,1988,-3.8260,4.2530,7.2000,,7.2700,16594.1180,271.0880,0.4770
Austrália,1989,-5.9740,4.6330,6.1330,17.0160,7.5800,17777.8830,308.4020,0.9250
Austrália,1990,-4.8590,1.4940,6.9420,16.4070,7.2330,18464.6280,324.1280,-0.2320
Austrália,1991,-3.2870,-0.9820,9.6080,21.6070,3.3070,18674.2070,324.4360,-2.7880
Austrália,1992,-3.2830,2.5910,10.7420,27.6320,0.9690,19395.8810,318.0050,-4.7450
Austrália,1993,-3.0360,3.9210,10.8830,30.6650,1.7520,20445.5040,309.3030,-4.7270
Austrália,1994,-4.4910,4.8750,9.7170,31.7090,1.9270,21686.6560,353.3720,-3.7930
Austrália,1995,-4.9570,2.9510,8.4830,31.1430,4.6260,22510.1580,379.2270,-2.6030
Austrália,1996,-3.4990,3.9730,8.5250,29.3450,2.6530,23559.2880,424.6630,-1.4560
Austrália,1997,-2.9260,4.7130,8.3670,25.9070,0.2250,24851.0760,426.4010,-0.4930
Austrália,1998,-4.9080,4.6710,7.6920,23.6980,0.8590,26029.2470,381.4980,-0.2460
Austrália,1999,-5.4790,4.4370,6.8670,22.5440,1.4080,27257.5380,411.9680,0.6660
Austrália,2000,-4.0460,3.0990,6.2920,19.4950,4.4570,28405.7420,400.2780,1.2500
Austrália,2001,-2.2490,2.6010,6.7750,17.1060,4.4070,29423.4440,378.1140,-0.0300
Austrália,2002,-3.7990,4.1590,6.3580,15.0100,3.0490,30775.8560,425.5160,0.1930
Austrália,2003,-5.3240,3.0160,5.9420,13.1860,2.7310,31968.3020,541.1550,1.0510
Austrália,2004,-6.3070,4.1130,5.3830,11.9070,2.3420,33805.0520,658.7420,1.3230
Austrália,2005,-5.9520,3.0290,5.0330,10.8580,2.6590,35451.6660,736.5050,1.7070
Austrália,2006,-5.8750,2.6200,4.7920,9.9380,3.5540,36927.9390,783.4470,1.7710
Austrália,2007,-6.7460,4.3390,4.3750,9.6650,2.3560,38842.5270,950.0930,1.4740
Austrália,2008,-4.8540,2.5940,4.2500,11.7420,4.3480,39748.7980,1056.5590,-1.1010
Austrália,2009,-4.5140,1.9650,5.5750,16.6220,1.7700,40052.3040,1000.8280,-4.5630
Austrália,2010,-3.6930,2.4190,5.2080,20.3500,2.8630,40945.1690,1254.6230,-5.1160
Austrália,2011,-2.9790,2.7850,5.0830,24.0400,3.3560,42286.9910,1515.5070,-4.5260
Austrália,2012,-4.3580,3.7890,5.2330,27.5210,1.6860,43915.1430,1570.1390,-3.5090
Austrália,2013,-3.3880,2.2190,5.6580,30.4660,2.4500,44929.0670,1519.9000,-2.8100
Austrália,2014,-3.0860,2.5750,6.0580,34.0360,2.5130,46209.1620,1456.9390,-2.9180
Austrália,2015,-4.7140,2.3400,6.0580,37.7260,1.4850,47044.4160,1233.9210,-2.7860
Austrália,2016,-3.4550,2.6940,5.7170,40.6210,1.2770,47969.9630,1262.6550,-2.4240
Austrália,2017,-2.8350,2.3800,5.6000,41.1950,1.9950,49236.2420,1381.1100,-1.7180
Austrália,2018,-2.5690,2.7910,5.2830,41.7580,1.9330,51230.5100,1417.1620,-1.2590
Austrália,2019,-0.0210,1.9360,5.1750,46.7200,1.5660,53527.9820,1386.2770,-4.4100
Austrália,2020,1.7340,-1.9550,6.4750,57.0920,0.8690,53803.2100,1362.6130,-8.7330
Austrália,2021,2.3960,5.4120,5.1250,55.5370,2.8420,60327.9840,1655.8430,-6.3630
Austrália,2022,0.3720,4.1420,3.7080,50.2220,6.6150,65920.1160,1725.4610,-2.1850
Austrália,2023,-0.2950,2.0560,3.7000,48.9730,5.6160,68045.9100,1742.4610,-0.9220
Austrália,2024,-1.9270,1.0380,4.0250,49.8280,3.1980,69970.6900,1796.8050,-2.1560
Austrália,2025,-3.0690,1.6340,4.3290,50.9370,2.5500,72137.5300,1771.6810,-2.5840
Austrália,2026,-3.4370,2.0780,4.5420,50.5330,3.5300,74353.6400,1841.0020,-1.5740
Austrália,2027,-3.3830,2.2960,4.5270,49.7920,2.6480,76542.3170,1914.8210,-1.3190
Austrália,2028,-3.3630,2.3270,4.4920,49.2880,2.5490,79008.6340,1995.4410,-1.5210
Austrália,2029,-3.3800,2.2930,4.4660,49.0370,2.5260,81324.0370,2083.6080,-1.7520
Austrália,2030,-3.5020,2.2720,4.4520,49.0220,2.4980,83723.8430,2181.7880,-1.9810
Brasil,1980,-8.7830,9.1900,,,90.2270,4427.9390,145.8190,
Brasil,1981,-7.0030,-4.4000,,,101.7370,4532.3190,167.5830,
Brasil,1982,-9.1040,0.5960,,,100.5740,4736.6400,179.1660,
Brasil,1983,-4.7590,-3.4000,,,135.0200,4653.7910,143.6520,
Brasil,1984,0.0280,5.3070,,,192.1210,4971.6140,142.9570,
Brasil,1985,-0.1000,7.9010,,,226.0290,5420.6150,226.9380,
Brasil,1986,-2.1470,7.5440,,,147.1370,5828.7990,263.2560,
Brasil,1987,-0.5010,3.6010,,,228.3270,6070.4300,286.5390,
Brasil,1988,1.3040,0.2640,,,629.1180,6186.1530,320.1050,
Brasil,1989,0.2350,3.2000,,,1430.7240,6518.4640,439.4340,
Brasil,1990,-0.8310,-4.1680,,,2947.7330,6291.0470,455.3350,
Brasil,1991,-0.3520,1.0310,6.3660,,432.7720,6460.6980,399.2490,
Brasil,1992,1.6070,-0.4670,6.4200,,951.9560,6470.6320,382.4650,
Brasil,1993,-0.1380,4.6650,6.0300,,1927.3810,6823.1810,429.1840,
Brasil,1994,-0.3070,5.3340,6.4700,,2075.8270,7225.9040,546.7640,
Brasil,1995,-2.4270,4.4170,7.0900,,66.0080,7584.7310,770.8600,
Brasil,1996,-2.8010,2.2090,8.0300,,15.7570,7669.1100,851.1460,
Brasil,1997,-3.6360,3.3950,9.0000,,6.9260,7941.5830,883.8620,
Brasil,1998,-4.0490,0.3380,10.1500,,3.1960,7934.3340,864.3070,
Brasil,1999,-4.4670,0.4680,11.1300,,4.8590,7963.2720,599.6420,
Brasil,2000,-4.0480,4.3880,10.5300,62.1980,7.0440,8333.6120,655.4540,
Brasil,2001,-4.4450,1.3900,10.6500,67.3310,6.8400,8527.0420,559.9820,-3.4680
Brasil,2002,-1.8450,3.0530,10.6400,76.0950,8.4500,8813.1970,509.7980,-4.1490
Brasil,2003,0.3930,1.1410,11.1700,71.5140,14.7140,8982.0160,558.2320,-5.4010
Brasil,2004,1.3390,5.7600,10.0700,68.0250,6.5980,9643.5710,669.2900,-2.9550
Brasil,2005,1.3100,3.2020,10.5500,66.9690,6.8700,10151.1030,891.6330,-3.3640
Brasil,2006,0.9730,3.9620,9.6900,64.5990,4.1840,10761.7460,1107.6280,-4.8680
Brasil,2007,-0.1970,6.0700,9.2800,63.0250,3.6410,11605.1830,1397.1140,-2.6600
Brasil,2008,-2.0990,5.0940,8.2700,61.4200,5.6780,12309.4330,1695.8550,-2.3930
Brasil,2009,-1.7570,-0.1260,9.4200,64.7020,4.8880,12252.0120,1669.2040,-4.2300
Brasil,2010,-3.9260,7.5280,8.0340,62.4330,5.0390,13226.6400,2208.7040,-3.5540
Brasil,2011,-3.1970,3.9740,7.5800,60.6340,6.6360,13935.2150,2614.0270,-2.7410
Brasil,2012,-3.7610,1.9210,6.9000,61.6140,5.4040,14356.7170,2464.0530,-2.3510
Brasil,2013,-3.5760,3.0050,7.2250,59.5950,6.2040,14922.3410,2471.7180,-3.4220
Brasil,2014,-4.4990,0.5040,6.9000,61.6170,6.3290,15138.3650,2456.0550,-6.2750
Brasil,2015,-3.5230,-3.5460,8.6250,71.7300,9.0300,14621.1490,1800.0460,-9.2810
Brasil,2016,-1.6990,-3.2760,11.6500,77.4220,8.7400,14173.7340,1796.6220,-7.9910
Brasil,2017,-1.2240,1.3230,12.8500,82.7450,3.4460,14523.0000,2063.5190,-7.9700
Brasil,2018,-2.8080,1.7840,12.3750,84.7770,3.6650,15432.1620,1916.9340,-6.9900
Brasil,2019,-3.4700,1.2210,11.9750,87.1180,3.7330,16035.4690,1873.2860,-4.8590
Brasil,2020,-1.6880,-3.2770,13.7750,96.0070,3.2120,16062.8170,1476.0920,-11.6370
Brasil,2021,-2.4190,4.7630,13.2000,88.9340,8.3020,18028.1000,1670.6500,-2.6310
Brasil,2022,-2.1600,3.0170,9.2500,83.9390,9.2800,19824.3690,1951.8490,-3.9650
Brasil,2023,-1.2750,3.2420,7.9750,84.0010,4.5940,21120.1630,2191.1370,-7.7120
Brasil,2024,-2.8180,3.3960,6.9250,87.2840,4.3670,22271.9420,2171.3370,-6.6260
Brasil,2025,-2.2880,2.0100,7.1540,92.0410,5.3070,23238.0940,2125.9580,-8.5160
Brasil,2026,-2.2470,1.9840,7.2900,96.0080,4.3150,24135.3990,2186.9830,-7.6670
Brasil,2027,-2.0860,2.1930,7.3580,98.1320,3.3860,25039.6090,2297.3600,-6.2680
Brasil,2028,-1.9490,2.3050,7.3900,99.1200,2.9640,26075.1800,2414.1210,-5.1830
Brasil,2029,-1.8680,2.4320,7.3970,99.4360,2.9640,27125.1450,2542.8730,-4.8520
Brasil,2030,-1.7800,2.4880,7.4000,99.4200,2.9640,28250.2830,2679.5650,-4.6910
Canadá,1980,-2.2050,2.1630,7.5170,44.5900,10.1830,11862.7550,276.0640,-4.0430
Canadá,1981,-4.1800,3.5030,7.6170,46.0770,12.4620,13269.8080,307.2460,-2.8920
Canadá,1982,0.4850,-3.1660,11.1000,51.7070,10.8030,13481.3840,314.6390,-6.8980
Canadá,1983,-0.8380,2.5620,12.0000,57.2110,5.8160,14224.7690,341.8630,-7.9980
Canadá,1984,-0.4570,5.8990,11.3750,60.2130,4.3390,15460.5870,356.7280,-7.9400
Canadá,1985,-1.6590,4.7380,10.5080,65.1660,3.9510,16552.0870,366.1840,-8.7570
Canadá,1986,-3.0600,2.1210,9.6080,69.3230,4.1740,17075.3470,379.0150,-7.3220
Canadá,1987,-3.2230,4.0720,8.8000,69.7610,4.3650,17983.1070,433.1400,-5.7460
Canadá,1988,-3.0600,4.4110,7.7750,69.7450,4.0310,19181.5340,509.3800,-4.5110
Canadá,1989,-3.9560,2.3370,7.5080,70.9870,4.9840,20052.2600,567.2250,-4.7180
Canadá,1990,-3.4320,0.2030,8.1500,73.7440,4.7800,20529.9950,596.0890,-5.9110
Canadá,1991,-3.7290,-2.0910,10.3170,81.6580,5.6260,20517.1880,612.5140,-8.3590
Canadá,1992,-3.6070,0.8900,11.2170,88.2300,1.4900,20919.6970,594.3760,-9.1990
Canadá,1993,-3.8370,2.6580,11.3750,94.7300,1.8650,21733.5190,579.0590,-8.9350
Canadá,1994,-2.3760,4.4940,10.3920,97.4800,0.1660,22948.0320,579.9130,-6.9360
Canadá,1995,-0.8230,2.6820,9.4670,100.0840,2.1490,23808.5100,605.9410,-5.4900
Canadá,1996,0.4150,1.6890,9.6080,100.2440,1.5710,24398.0470,630.5980,-3.0530
Canadá,1997,-1.3370,4.2800,9.0920,95.2720,1.6210,25623.0860,655.0100,0.0390
Canadá,1998,-1.3380,3.8930,8.2920,93.2900,0.9960,26690.7360,634.0040,0.1430
Canadá,1999,0.1790,5.1410,7.5670,88.9660,1.7350,28232.0990,678.4170,1.6560
Canadá,2000,2.5500,5.1390,6.8330,80.4370,2.7190,30077.5180,744.6310,2.6400
Canadá,2001,2.2130,1.8750,7.2250,81.4620,2.5250,31003.7740,738.9680,0.5290
Canadá,2002,1.7350,2.9990,7.6830,79.6040,2.2580,32081.2820,760.1490,-0.2340
Canadá,2003,1.2310,1.8060,7.5920,75.9120,2.7590,32995.7630,895.5990,-0.1270
Canadá,2004,2.3450,3.0920,7.1500,71.8890,1.8570,34604.9710,1026.4730,0.7680
Canadá,2005,1.9270,3.2100,6.7500,70.6400,2.2140,36488.7190,1173.5050,1.5530
Canadá,2006,1.4450,2.6380,6.4500,69.9200,2.0020,38218.8810,1319.3560,1.8280
Canadá,2007,0.8230,2.0500,6.1580,67.1810,2.1380,39669.5300,1468.8960,1.8200
Canadá,2008,0.1470,0.9950,6.3080,70.3550,2.3700,40404.6800,1552.8640,0.1840
Canadá,2009,-2.9090,-2.9150,8.4750,81.8040,0.2990,39019.0010,1376.5090,-3.8810
Canadá,2010,-3.5620,3.0910,8.1580,83.9760,1.7770,40261.5430,1617.3450,-4.7380
Canadá,2011,-2.7120,3.1370,7.6250,84.2860,2.9120,41962.4270,1793.3270,-3.3090
Canadá,2012,-3.5340,1.7560,7.4420,87.1510,1.5160,43035.4230,1828.3620,-2.5250
Canadá,2013,-3.1410,2.3260,7.2080,87.6050,0.9380,44315.2750,1846.5950,-1.4950
Canadá,2014,-2.3200,2.8730,7.0580,85.5410,1.9070,45914.7900,1805.7510,0.1750
Canadá,2015,-3.4950,0.6500,7.0000,92.0290,1.1250,46266.5880,1556.5080,-0.0620
Canadá,2016,-3.0880,1.0390,7.0500,92.3970,1.4290,46699.0420,1527.9960,-0.4530
Canadá,2017,-2.8030,3.0340,6.4170,90.9420,1.5970,48384.5790,1649.2660,-0.1120
Canadá,2018,-2.3770,2.7430,5.8330,90.7760,2.2680,50068.1200,1725.3000,0.3600
Canadá,2019,-1.9530,1.9080,5.6830,90.2100,1.9490,50584.0550,1743.7250,-0.0170
Canadá,2020,-2.0170,-5.0380,9.7420,118.0660,0.7170,48630.1520,1655.6850,-10.9490
Canadá,2021,-0.0190,5.9510,7.4830,112.6170,3.3950,56223.0150,2022.3820,-3.0570
Canadá,2022,-0.3040,4.1890,5.2500,104.2070,6.7790,61713.8770,2190.4110,0.5560
Canadá,2023,-0.6270,1.5290,5.3830,107.7110,3.8850,63121.4800,2173.3400,0.0720
Canadá,2024,-0.5080,1.5280,6.3750,110.7690,2.3980,63760.2530,2241.2530,-2.1500
Canadá,2025,-0.1390,1.3760,6.5970,112.5410,1.9820,65706.5320,2225.3410,-1.8750
Canadá,2026,-0.2740,1.5580,6.4820,110.8910,2.1270,68191.6350,2332.5630,-1.6410
Canadá,2027,-0.5600,1.7110,6.2680,109.4350,2.0050,70570.9030,2435.5290,-1.3730
Canadá,2028,-0.8930,1.5750,6.1470,107.8550,2.0030,72737.6390,2542.3390,-1.1690
Canadá,2029,-1.1930,1.6400,6.0540,106.2420,2.0290,74687.2280,2657.8940,-1.0320
Canadá,2030,-0.9020,1.5170,6.0070,104.1120,2.0040,76630.7480,2792.3230,-0.7940
Chile,1980,-6.7890,7.9450,11.5020,,35.1380,3479.4310,29.0320,
Chile,1981,-13.7690,6.2120,10.2910,,19.6870,3979.1350,34.3740,
Chile,1982,-8.9890,-13.5880,19.8140,,9.9410,3592.2350,25.6300,
Chile,1983,-5.3650,-2.8020,20.9990,,27.2570,3570.9000,20.8190,
Chile,1984,-10.4270,5.8860,17.5150,,19.8600,3856.5200,20.2460,
Chile,1985,-8.1390,1.9680,14.9750,,30.7030,3994.5620,17.3600,
Chile,1986,-6.3840,5.5960,12.2990,,19.4770,4227.8110,18.6620,
Chile,1987,-3.3390,6.5810,10.9840,,19.8810,4538.3640,22.0100,
Chile,1988,-0.8920,7.2880,9.8750,,14.6840,4955.6840,25.9470,
Chile,1989,-2.3110,10.6050,7.9800,,17.0280,5601.5570,29.8890,
Chile,1990,-1.4570,3.6710,7.7500,,26.0360,5926.1030,33.2310,2.2510
Chile,1991,-0.2580,7.8040,8.2170,37.1040,21.7840,6485.0010,38.2490,1.5410
Chile,1992,-2.0570,11.1670,6.7000,30.4920,15.4260,7204.3500,46.5970,2.1080
Chile,1993,-5.1220,6.5890,6.5000,28.0870,12.7280,7737.2800,49.8550,1.4150
Chile,1994,-2.7560,5.0300,7.8080,22.6100,11.4430,8174.0670,57.5170,1.4370
Chile,1995,-1.8150,8.9330,7.3750,17.2500,8.2330,8958.5640,74.1190,3.1010
Chile,1996,-3.7980,4.9850,6.5000,14.5840,7.3590,9443.5720,78.5750,2.0710
Chile,1997,-4.1460,7.3920,6.1080,12.7800,6.1340,10178.4850,85.7300,2.0390
Chile,1998,-4.6590,4.1810,6.2170,12.1150,5.1100,10585.6000,81.9960,0.3900
Chile,1999,0.2560,-0.2740,10.0080,13.2770,3.3370,10573.6530,75.5960,-2.0180
Chile,2000,-1.0110,4.9720,9.7080,13.1460,3.8430,11216.8770,78.2500,-0.6930
Chile,2001,-1.3960,3.1540,9.8670,14.3480,3.5690,11696.4700,71.5170,-0.4950
Chile,2002,-0.6830,3.2030,9.8000,15.0450,2.4890,12124.5750,70.2950,-1.1710
Chile,2003,0.2160,4.7230,9.5330,12.5730,2.8100,12812.9650,76.5080,-0.4160
Chile,2004,3.2610,6.6740,10.0170,10.3140,1.0550,13890.9750,99.0790,2.0510
Chile,2005,1.9130,5.8370,9.3000,7.0400,3.0520,15011.6400,122.3150,4.5680
Chile,2006,5.4970,6.0500,7.9500,5.0220,3.3920,16245.7590,153.8400,7.5090
Chile,2007,5.0540,5.1680,7.0080,3.9010,4.4080,17367.6170,172.5650,7.9550
Chile,2008,-4.1920,3.7890,7.7500,4.9160,8.7160,18175.1320,179.6630,3.9300
Chile,2009,1.4400,-1.1180,11.0530,5.8450,1.4840,17886.3930,171.7940,-4.2590
Chile,2010,0.8960,5.8520,8.3050,8.6070,1.4100,18957.8070,217.1050,-0.3630
Chile,2011,-4.9200,6.2240,7.3000,11.1270,3.3410,20326.6070,251.2250,1.4270
Chile,2012,-5.3260,6.1550,6.5950,11.9390,3.0060,21740.9760,267.1650,0.6820
Chile,2013,-4.7780,3.3090,6.0820,12.7840,1.7940,22624.1250,277.2180,-0.4700
Chile,2014,-3.4620,1.7930,6.4950,15.0200,4.7150,23199.3470,259.3940,-1.4960
Chile,2015,-2.7330,2.1520,6.3280,17.3750,4.3490,23673.8880,242.5150,-2.0890
Chile,2016,-2.6220,1.7530,6.6850,21.1010,3.7870,24055.8100,249.3060,-2.6610
Chile,2017,-2.7560,1.3580,6.9650,23.6520,2.1820,24479.4570,276.3570,-2.6280
Chile,2018,-4.4900,3.9900,7.3770,25.7980,2.3190,25496.4340,295.4280,-1.4820
Chile,2019,-5.2170,0.6340,7.2230,28.3300,2.2540,25733.1040,278.0400,-2.7310
Chile,2020,-1.9490,-6.1430,10.7700,32.3800,3.0450,25236.6230,254.0600,-7.0950
Chile,2021,-7.2790,11.3150,8.8620,36.4480,4.5250,28759.4290,315.4110,-7.5250
Chile,2022,-8.8490,2.1540,7.8780,37.9070,11.6440,31235.0340,301.2700,1.3600
Chile,2023,-3.1280,0.5210,8.6810,39.4150,7.5820,32312.1390,335.6270,-2.2730
Chile,2024,-1.4690,2.6440,8.4620,41.9810,3.9270,33756.3510,330.2100,-2.7390
Chile,2025,-2.0620,2.0320,8.1280,42.9840,4.3630,35146.0520,343.8230,-2.0080
Chile,2026,-2.4270,2.1820,8.1090,43.4150,3.1720,36488.4280,357.6900,-1.0900
Chile,2027,-2.7280,2.2580,7.7580,43.2060,3.0000,37792.3840,373.2120,-0.6900
Chile,2028,-2.8330,2.3150,7.5000,43.5200,3.0000,39270.1160,389.2420,-0.7380
Chile,2029,-2.9260,2.3050,7.5000,43.4520,3.0000,40711.7070,405.8010,-1.0930
Chile,2030,-3.0220,2.2320,7.5000,44.3450,3.0000,42204.9280,422.7930,-1.0430
China,1980,,7.9100,,,,275.4890,303.5500,
China,1981,,5.1000,,,2.5000,312.6030,289.2150,
China,1982,,9.0000,,,2.0000,356.1620,285.1390,0.2200
China,1983,,10.8000,,,2.0000,404.6910,306.0130,-0.0100
China,1984,,15.2000,,,2.7000,476.7860,314.8320,0.0700
China,1985,,13.5010,,,9.3000,550.3910,310.7090,0.9230
China,1986,,8.9000,,,6.5000,602.0250,301.4710,-0.3450
China,1987,,11.7000,,,7.3000,677.8210,328.3050,-0.6990
China,1988,,11.2000,,,18.8000,768.1870,409.3630,-0.9630
China,1989,,4.2000,,,18.0000,819.4550,458.9850,-0.9120
China,1990,,3.8880,,,3.2560,870.5930,397.3590,-0.7170
China,1991,,10.2030,,,3.5630,979.1140,415.9460,-1.0370
China,1992,,14.2770,,,6.3570,1131.2360,495.5150,-1.2170
China,1993,,13.9360,,,14.6240,1304.4430,621.9180,-0.8890
China,1994,,13.1020,,,24.2830,1490.1000,566.2970,-1.6760
China,1995,,11.0160,,21.4240,16.7940,1671.2090,737.6540,-0.9440
China,1996,,9.9680,,21.2210,8.3120,1852.0570,868.7700,-0.7330
China,1997,3.8190,9.3190,,20.3940,2.7810,2038.9520,967.8860,-0.7260
China,1998,3.0390,7.9340,,20.4380,-0.7810,2205.2110,1035.5100,-1.0760
China,1999,1.9170,7.7570,,21.6090,-1.4010,2390.2600,1101.1340,-2.2960
China,2000,1.6740,8.5720,,22.7080,0.3520,2633.9120,1220.3370,-2.8110
China,2001,1.2880,8.3190,,24.2520,0.7240,2897.0720,1351.3720,-2.5620
China,2002,2.3830,9.2140,,25.5530,-0.7660,3192.5260,1486.6180,-2.8430
China,2003,2.5610,10.1210,,26.4180,1.1620,3563.5850,1680.9420,-2.3600
China,2004,3.4840,10.1150,,26.0000,3.8930,4005.9700,1978.9370,-1.4890
China,2005,5.6920,11.4370,,25.9100,1.8090,4577.0710,2325.5150,-1.3800
China,2006,8.2880,12.6650,,25.1740,1.4670,5287.7780,2797.2860,-1.1260
China,2007,9.7770,14.1540,,28.7080,4.7740,6167.7710,3612.2100,0.0580
China,2008,9.0380,9.6380,,26.7150,5.8450,6857.5710,4653.3140,-0.0240
China,2009,4.7000,9.4450,,33.9850,-0.6920,7514.8890,5176.1800,-1.7210
China,2010,3.8740,10.5870,,33.3430,3.3300,8371.2640,6138.9920,-0.3560
China,2011,1.7850,9.4510,,33.1840,5.4160,9294.2880,7624.8610,-0.0960
China,2012,2.4810,7.8480,,33.8250,2.6210,10134.7370,8682.9390,-0.2970
China,2013,1.5150,7.7710,,36.4380,2.6250,11042.8480,9782.7840,-0.8230
China,2014,2.2060,7.4910,,39.3080,1.9950,11996.1280,10701.4150,-0.6720
China,2015,2.5910,7.0180,,40.7820,1.4420,12893.5110,11307.2260,-2.5000
China,2016,1.6710,6.7760,,49.7200,1.9960,13807.5000,11448.0030,-3.3260
China,2017,1.5090,6.8910,5.0000,53.9030,1.5790,14939.6980,12503.2990,-3.3390
China,2018,0.1710,6.7590,4.9300,55.5770,2.0920,16225.2620,14110.9630,-4.2020
China,2019,0.7060,6.0650,5.1500,59.4410,2.9050,17586.6010,14572.4100,-6.0050
China,2020,1.6480,2.3370,5.6170,69.0350,2.4900,18384.4130,15103.3570,-9.5630
China,2021,1.9400,8.5560,5.1170,70.1470,0.9180,20827.0930,18190.8030,-5.9020
China,2022,2.4220,3.1120,5.5830,75.4530,1.9760,23020.1560,18307.8160,-7.3190
China,2023,1.4420,5.3770,5.2170,82.0140,0.2280,25167.9400,18270.3510,-6.7080
China,2024,2.2610,5.0030,5.1170,88.3270,0.2120,27092.7790,18748.0090,-7.3440
China,2025,1.8860,3.9540,5.1000,96.3060,-0.0260,28978.0300,19231.7050,-8.5730
China,2026,1.6840,3.9570,5.1000,102.3140,0.6340,30852.5120,20375.8580,-8.4910
China,2027,1.6600,4.2150,5.1000,105.9100,1.4150,32819.8280,21706.8110,-8.0520
China,2028,1.5690,4.0550,5.1000,109.2200,1.8090,34950.5400,23102.9780,-8.0770
China,2029,1.5230,3.6960,5.1000,112.5670,1.8780,37007.2140,24454.6470,-8.0490
China,2030,1.5130,3.3780,5.1000,116.0270,1.9740,39088.3150,25827.5230,-8.1140
Coreia do Sul,1980,-10.3670,-1.5240,5.2000,,28.6970,2199.5940,66.5170,
Coreia do Sul,1981,-8.7320,7.4040,4.5000,,21.3530,2545.9290,74.2870,
Coreia do Sul,1982,-7.0460,8.4680,4.1300,,7.1900,2887.2050,79.9120,
Coreia do Sul,1983,-4.0100,13.4670,4.1170,,3.4210,3354.4840,89.6210,
Coreia do Sul,1984,-1.8520,10.6370,3.8500,,2.2740,3798.0790,99.7500,
Coreia do Sul,1985,-2.0990,7.9390,4.0250,,2.4600,4187.7990,103.7640,
Coreia do Sul,1986,2.1730,11.5030,3.8420,,2.7500,4716.3890,119.9660,
Coreia do Sul,1987,5.6690,12.8920,3.1080,,3.0480,5402.8890,152.2410,
Coreia do Sul,1988,6.2090,12.1330,2.5250,,7.1470,6210.9710,205.4790,
Coreia do Sul,1989,1.4810,7.1650,2.5830,,5.7000,6848.9180,254.2360,
Coreia do Sul,1990,-0.9600,10.0250,2.4580,12.7870,8.5740,7740.8890,292.0640,
Coreia do Sul,1991,-2.3570,10.8750,2.4500,11.9260,9.3330,8785.6200,340.8630,
Coreia do Sul,1992,-0.7910,6.3520,2.5250,11.6450,6.2130,9457.7910,366.9120,
Coreia do Sul,1993,0.4160,6.9950,2.9000,10.8620,4.8010,10254.4740,405.7720,
Coreia do Sul,1994,-1.0010,9.3720,2.4750,9.6310,6.2660,11340.3300,478.9880,
Coreia do Sul,1995,-1.7450,9.7360,2.0670,8.4850,4.4810,12578.1000,586.3010,2.1600
Coreia do Sul,1996,-3.8750,7.9900,2.0580,7.8110,4.9250,13700.6760,631.1940,2.2990
Coreia do Sul,1997,-1.8320,6.2820,2.6170,9.6940,4.4390,14674.2240,590.0700,2.3150
Coreia do Sul,1998,10.1090,-4.9390,6.9500,13.8170,7.5140,14004.8040,396.8030,1.0910
Coreia do Sul,1999,4.2270,11.6170,6.5830,15.7590,0.8130,15740.6900,515.4270,1.1450
Coreia do Sul,2000,1.7030,9.2020,4.4250,16.0870,2.2590,17432.1210,597.8020,3.9050
Coreia do Sul,2001,0.3810,4.7260,4.0000,16.6250,4.0670,18524.3350,567.6550,2.4200
Coreia do Sul,2002,0.6260,7.7440,3.2580,16.4440,2.7620,20152.2190,649.7470,3.2290
Coreia do Sul,2003,1.5520,3.0750,3.5500,19.1020,3.5150,21072.4190,728.4970,1.5090
Coreia do Sul,2004,3.5610,5.1840,3.6580,21.6030,3.5910,22670.6900,822.5830,0.0860
Coreia do Sul,2005,1.2570,4.3580,3.7500,24.9170,2.7540,24348.9520,971.5400,0.9550
Coreia do Sul,2006,0.1910,5.2450,3.4750,27.0430,2.2420,26277.9590,1094.5450,1.1850
Coreia do Sul,2007,0.8580,5.8420,3.2580,26.3460,2.5350,28422.6750,1220.7560,2.4940
Coreia do Sul,2008,0.1600,3.0040,3.1750,25.8560,4.6740,29614.8690,1093.4870,1.5810
Coreia do Sul,2009,3.3660,0.8200,3.6330,28.7910,2.7560,29887.5940,982.8540,0.2390
Coreia do Sul,2010,2.3430,6.9820,3.7080,28.2750,2.9390,32202.0100,1192.7220,1.6060
Coreia do Sul,2011,1.2730,3.6880,3.4080,31.7000,4.0260,33817.4940,1307.2390,1.7210
Coreia do Sul,2012,3.6540,2.5480,3.2250,33.5360,2.1870,35139.5290,1335.3440,1.6310
Coreia do Sul,2013,5.3850,3.2910,3.1000,36.0040,1.3010,36746.2150,1434.6700,0.7890
Coreia do Sul,2014,5.3350,3.2150,3.4920,37.8760,1.2750,38346.4440,1556.2520,0.5730
Coreia do Sul,2015,6.8290,2.9200,3.5920,38.8430,0.7060,39623.0620,1539.2120,0.4970
Coreia do Sul,2016,6.2020,3.1720,3.6750,39.1440,0.9720,41104.7190,1578.8160,1.5630
Coreia do Sul,2017,4.3990,3.4330,3.6830,38.0110,1.9440,43155.9110,1710.1970,2.0770
Coreia do Sul,2018,4.2460,3.1760,3.8330,37.8540,1.4760,45511.0860,1824.2510,2.4240
Coreia do Sul,2019,3.4080,2.3140,3.7830,39.7300,0.3830,46511.2180,1751.0460,0.3510
Coreia do Sul,2020,4.3510,-0.7000,3.9550,45.9150,0.5370,47881.4920,1744.4560,-2.1050
Coreia do Sul,2021,4.3880,4.6130,3.6750,47.9880,2.4980,51880.3810,1942.3140,-0.0190
Coreia do Sul,2022,1.4350,2.7280,2.8830,49.7980,5.0900,57202.2410,1799.3630,-1.4920
Coreia do Sul,2023,1.7850,1.4040,2.7080,50.6970,3.5970,60046.2890,1839.0580,-0.6710
Coreia do Sul,2024,5.2970,2.0250,2.8000,52.4880,2.3220,62697.0690,1869.7140,-0.6350
Coreia do Sul,2025,3.5000,1.0270,3.0000,54.4530,1.8390,65111.9030,1790.3220,-0.4030
Coreia do Sul,2026,3.6300,1.4470,3.0000,55.7310,1.8000,67589.4640,1851.8160,-0.4510
Coreia do Sul,2027,3.6880,2.0990,2.9000,56.5680,1.9000,70387.0340,1925.5800,-0.3730
Coreia do Sul,2028,3.7830,2.1110,2.8000,57.4840,2.0000,73471.6380,1999.2580,-0.3960
Coreia do Sul,2029,3.8700,1.9450,2.8000,58.4070,2.0000,76390.6080,2072.7440,-0.4090
Coreia do Sul,2030,3.9610,1.8400,2.8000,59.1900,2.0000,79360.5620,2149.5100,-0.4080
EUA,1980,0.0810,-0.2570,7.1750,,13.5020,12552.9430,2857.3250,
EUA,1981,0.1570,2.5370,7.6170,,10.3780,13948.7010,3207.0250,
EUA,1982,-0.1650,-1.8030,9.7080,,6.1580,14404.9940,3343.8000,
EUA,1983,-1.0650,4.5840,9.6000,,3.1600,15513.6790,3634.0250,
EUA,1984,-2.3370,7.2360,7.5080,,4.3680,17086.4410,4037.6500,
EUA,1985,-2.7230,4.1690,7.1920,,3.5280,18199.3200,4339.0000,
EUA,1986,-3.2140,3.4630,7.0000,,1.9440,19034.7660,4579.6250,
EUA,1987,-3.3090,3.4550,6.1750,,3.5780,20000.9680,4855.2500,
EUA,1988,-2.3140,4.1770,5.4920,,4.1000,21375.9990,5236.4250,
EUA,1989,-1.7630,3.6720,5.2580,,4.7910,22814.0770,5641.6000,
EUA,1990,-1.3240,1.8860,5.6170,,5.4190,23847.9770,5963.1250,
EUA,1991,0.0470,-0.1090,6.8500,,4.2160,24302.7760,6158.1250,
EUA,1992,-0.7920,3.5220,7.4920,,3.0420,25392.9310,6520.3250,
EUA,1993,-1.2370,2.7520,6.9080,,2.9700,26364.1920,6858.5500,
EUA,1994,-1.6690,4.0290,6.1000,,2.5960,27674.0210,7287.2500,
EUA,1995,-1.4870,2.6850,5.5920,,2.8050,28671.4800,7639.7500,
EUA,1996,-1.5460,3.7730,5.4080,,2.9370,29946.9730,8073.1250,
EUA,1997,-1.6410,4.4470,4.9420,,2.3380,31440.0870,8577.5500,
EUA,1998,-2.3730,4.4830,4.5000,,1.5470,32833.6660,9062.8250,
EUA,1999,-2.9760,4.7880,4.2170,,2.1930,34496.2410,9631.1750,
EUA,2000,-3.9210,4.0780,3.9670,,3.3670,36312.7820,10250.9500,
EUA,2001,-3.7240,0.9560,4.7420,53.3310,2.8170,37101.4530,10581.9250,-0.5440
EUA,2002,-4.1730,1.7000,5.7830,55.7230,1.5960,37945.7610,10929.1000,-3.8210
EUA,2003,-4.5590,2.7960,5.9920,58.8030,2.2980,39405.3540,11456.4500,-4.7710
EUA,2004,-5.2050,3.8480,5.5420,66.2770,2.6680,41641.6170,12217.1750,-4.2440
EUA,2005,-5.7460,3.4830,5.0830,65.6080,3.3660,44034.2560,13039.2000,-3.0750
EUA,2006,-5.9110,2.7850,4.6080,64.3430,3.2220,46216.8530,13815.6000,-2.0360
EUA,2007,-5.0890,2.0040,4.6170,64.7390,2.8710,47943.3530,14474.2500,-2.9130
EUA,2008,-4.7160,0.1140,5.8000,73.5900,3.8150,48470.5530,14769.8500,-6.6120
EUA,2009,-2.6230,-2.5760,9.2830,86.7870,-0.3200,47102.4280,14478.0500,-13.1770
EUA,2010,-2.8710,2.6950,9.6080,95.3470,1.6370,48586.2880,15048.9750,-10.9930
EUA,2011,-2.9190,1.5640,8.9330,99.6810,3.1400,50008.1080,15599.7250,-9.7160
EUA,2012,-2.5730,2.2890,8.0750,103.2440,2.0730,51736.7380,16253.9500,-8.1140
EUA,2013,-2.0110,2.1180,7.3580,104.5220,1.4660,53363.9040,16880.6750,-4.5610
EUA,2014,-2.1020,2.5240,6.1580,104.4290,1.6150,55263.8170,17608.1250,-4.0260
EUA,2015,-2.2330,2.9460,5.2750,104.8540,0.1210,57006.9260,18295.0000,-3.5300
EUA,2016,-2.1070,1.8200,4.8750,106.7800,1.2670,58179.6970,18804.9000,-4.3560
EUA,2017,-1.8740,2.4580,4.3580,105.7280,2.1310,60292.9780,19612.1000,-4.7940
EUA,2018,-2.1290,2.9670,3.8920,107.0410,2.4390,63165.2780,20656.5250,-5.3350
EUA,2019,-2.0510,2.5840,3.6750,108.1970,1.8130,65561.3200,21539.9750,-5.8050
EUA,2020,-2.8150,-2.1630,8.1000,132.0320,1.2530,64454.2240,21354.1250,-14.1470
EUA,2021,-3.6650,6.0550,5.3580,124.7160,4.6790,71231.5590,23681.1750,-11.3910
EUA,2022,-3.8920,2.5120,3.6420,118.8060,7.9930,77801.3970,26006.9000,-3.6980
EUA,2023,-3.2660,2.8870,3.6330,118.9980,4.1280,82253.9070,27720.7250,-7.1630
EUA,2024,-3.8840,2.7960,4.0330,120.7860,2.9520,85812.1760,29184.9000,-7.2620
EUA,2025,-3.7290,1.8260,4.1590,122.4640,2.9880,89105.2020,30507.2170,-6.4590
EUA,2026,-3.1730,1.7440,4.1510,123.6920,2.4660,92096.5490,31717.6410,-5.4900
EUA,2027,-3.0450,1.9830,4.0790,124.9250,2.1100,95087.3620,32941.7100,-5.3530
EUA,2028,-2.6230,2.1220,3.9290,125.9060,2.1550,98547.4170,34342.1320,-5.6150
EUA,2029,-2.5500,2.1220,3.8010,127.0120,2.1690,101880.8420,35712.8240,-5.4890
EUA,2030,-2.4050,2.1220,3.7590,128.1540,2.1750,105370.6790,37153.0890,-5.6140
Japão,1980,-0.9520,3.1810,2.0170,47.7760,7.8080,8800.0270,1129.3780,-4.4150
Japão,1981,0.3820,4.2610,2.2080,52.8150,4.9360,9970.1320,1245.2210,-3.8520
Japão,1982,0.5910,3.2800,2.3500,57.7300,2.7490,10856.9930,1158.7310,-3.8130
Japão,1983,1.6370,3.6300,2.6580,63.5110,1.8800,11611.3530,1270.8600,-3.9470
Japão,1984,2.6010,4.4110,2.7080,65.6020,2.2510,12479.5400,1345.8250,-2.6240
Japão,1985,3.5160,5.1600,2.6250,68.3100,2.0380,13454.3650,1427.0200,-1.3710
Japão,1986,3.9870,3.2940,2.7670,74.0790,0.6080,14102.0470,2120.0840,-1.3620
Japão,1987,3.2650,4.6490,2.8500,75.8330,0.1270,15050.8300,2580.7490,-0.3590
Japão,1988,2.5330,6.6620,2.5170,71.9440,0.6540,16549.4250,3125.7250,0.4950
Japão,1989,2.0310,4.9260,2.2500,65.6740,2.2940,17975.1270,3109.4550,1.2310
Japão,1990,1.4030,4.8410,2.1000,63.2330,3.0710,19485.5910,3185.9040,1.9590
Japão,1991,1.8670,3.5230,2.0920,62.3850,3.2730,20771.9820,3648.0660,1.6750
Japão,1992,2.8230,0.9010,2.1500,66.7660,1.7270,21361.1080,3980.7030,0.5740
Japão,1993,2.9080,-0.4590,2.5000,72.8380,1.2550,21696.6910,4536.9410,-2.3910
Japão,1994,2.6110,1.0830,2.8920,84.3610,0.6900,22337.9830,4998.7980,-3.7620
Japão,1995,1.9910,2.6310,3.1500,92.5260,-0.0880,23346.6120,5545.5660,-4.2960
Japão,1996,1.4000,3.1340,3.3670,98.0540,0.1380,24465.4970,4923.3930,-4.8690
Japão,1997,2.1170,0.9810,3.4000,104.9710,1.6990,25071.7970,4492.4490,-3.5260
Japão,1998,2.8090,-1.2700,4.1000,116.0200,0.6520,24964.6200,4098.3630,-10.0470
Japão,1999,2.4650,-0.3340,4.6670,129.5010,-0.3470,25185.8180,4635.9820,-6.7490
Japão,2000,2.6280,2.7650,4.7330,135.6090,-0.6870,26417.4170,4968.3600,-7.2820
Japão,2001,1.9700,0.3860,5.0420,145.1240,-0.6940,27052.3250,4374.7100,-6.2000
Japão,2002,2.6090,0.0420,5.3580,154.0960,-0.8970,27426.4400,4182.8450,-7.3360
Japão,2003,3.0850,1.5350,5.2420,160.0210,-0.2630,28345.1640,4519.5640,-7.4330
Japão,2004,3.7210,2.1860,4.7330,169.4900,-0.0100,29720.3610,4893.1350,-5.3140
Japão,2005,3.5210,1.8040,4.4250,174.5950,-0.2880,31200.9870,4831.4670,-4.4380
Japão,2006,3.7920,1.3720,4.1170,174.1430,0.2560,32606.0410,4601.6630,-3.0290
Japão,2007,4.6330,1.4840,3.8330,172.9510,0.0460,33983.4290,4579.7500,-2.9010
Japão,2008,2.7920,-1.2240,3.9830,180.8510,1.3820,34231.4580,5106.6790,-4.1100
Japão,2009,2.7450,-5.6930,5.0750,198.8070,-1.3310,32517.7850,5289.4940,-9.6930
Japão,2010,3.8380,4.0980,5.0580,205.8790,-0.7420,34249.9900,5759.0720,-9.0760
Japão,2011,2.0840,0.0240,4.5830,219.1620,-0.2770,34900.2870,6233.1480,-8.9860
Japão,2012,0.9510,1.3750,4.3250,226.0930,-0.0490,36117.6850,6272.3620,-8.1960
Japão,2013,0.8820,2.0050,4.0080,229.4510,0.3320,37533.4240,5212.3280,-7.6110
Japão,2014,0.7510,0.2960,3.5830,233.2810,2.7580,38364.4550,4896.9950,-5.6160
Japão,2015,3.0700,1.5610,3.3750,228.2780,0.7990,39368.7640,4444.9310,-3.6780
Japão,2016,3.9530,0.7540,3.1080,232.4210,-0.1240,40047.9480,5003.6780,-3.6000
Japão,2017,4.1280,1.6750,2.8170,231.3210,0.4860,41518.1160,4930.8370,-3.0990
Japão,2018,3.5280,0.6430,2.4330,232.3800,0.9890,42247.0990,5040.8810,-2.4710
Japão,2019,3.4460,-0.4020,2.3580,236.3810,0.4680,42817.5480,5117.9950,-3.0450
Japão,2020,2.9670,-4.1690,2.8000,258.3690,-0.0270,42564.6750,5054.0690,-9.0750
Japão,2021,3.8940,2.6970,2.8170,253.6520,-0.2350,44656.8200,5039.1480,-6.1280
Japão,2022,2.1080,0.9350,2.5920,248.3090,2.4960,48453.5390,4262.1460,-4.2430
Japão,2023,3.7620,1.4860,2.5750,239.9710,3.2690,51180.4980,4213.1670,-2.2610
Japão,2024,4.7930,0.0840,2.5670,236.6600,2.7390,52712.6140,4026.2110,-2.4800
Japão,2025,3.3900,0.5540,2.5670,234.8580,2.3630,54677.1190,4186.4310,-2.8510
Japão,2026,3.3100,0.5790,2.5670,233.7300,1.7140,56486.5440,4373.0910,-3.0780
Japão,2027,3.3420,0.6250,2.5670,232.0990,1.9610,58197.8010,4520.5230,-3.3410
Japão,2028,3.3220,0.5850,2.5670,231.2120,2.0070,60093.5730,4708.7070,-4.0090
Japão,2029,3.2200,0.5200,2.5670,231.0850,2.0190,61869.2300,4828.2810,-4.6210
Japão,2030,3.0320,0.5320,2.5670,231.6760,2.0090,63743.3750,4994.8920,-5.3030
México,1980,-5.0880,9.4820,1.2000,,26.4710,6486.0520,242.1530,
México,1981,-5.8770,9.5860,0.9000,,28.0340,7596.8790,311.0120,
México,1982,-0.7910,-0.0500,4.2000,,59.1150,7875.4670,225.7060,
México,1983,7.3970,-4.6240,6.1000,,101.8050,7627.4790,184.0100,
México,1984,5.1770,3.5130,5.6000,,65.4390,7997.2620,217.0010,
México,1985,2.1860,1.9190,4.4000,,57.7890,8224.8610,230.2720,
México,1986,0.3480,-3.9300,4.3000,,86.4490,7889.9100,159.4340,
México,1987,4.5870,2.0630,3.8830,,131.9590,8082.7560,174.8400,
México,1988,-1.1410,1.2180,3.5420,,113.5030,8301.2100,213.8930,
México,1989,-2.9400,3.6250,2.9250,,19.9190,8766.1140,260.6630,
México,1990,-3.3650,5.2500,2.7420,,26.6500,9388.9190,307.6130,-3.1110
México,1991,-5.8590,3.9760,2.6920,,22.6090,9902.0550,368.7720,1.4920
México,1992,-8.4520,3.5690,2.8300,,15.5170,10294.8240,427.6610,2.2590
México,1993,-6.4430,2.8670,3.4300,,9.7630,10645.4800,530.2260,-1.5140
México,1994,-7.7510,4.3940,3.7000,,6.9860,11152.2820,553.6180,-2.2550
México,1995,-0.4150,-5.9100,6.2300,,35.0610,10533.2500,380.1820,-2.2780
México,1996,-0.5800,6.2180,5.4500,42.5370,34.3500,11211.4240,432.1580,-3.6550
México,1997,-1.4640,7.1990,3.7300,39.1200,20.5970,12042.2760,523.4500,-3.4760
México,1998,-2.8690,6.1850,3.1600,39.7080,15.9170,12748.9970,557.4850,-4.4910
México,1999,-2.2180,2.7550,2.5000,41.6670,16.5660,13111.3880,631.2400,-4.4890
México,2000,-2.5270,5.0290,2.2000,38.4550,9.4860,13900.8420,742.0610,-2.6850
México,2001,-2.1970,-0.4510,2.7680,37.3150,6.3660,13957.2680,796.0550,-2.5730
México,2002,-1.5290,-0.2370,2.9780,39.8660,5.0370,13942.9880,810.6660,-2.1810
México,2003,-0.5270,1.1860,3.4000,42.1330,4.5500,14189.5130,765.5500,-2.2440
México,2004,-0.4650,3.5650,3.9190,38.9060,4.6940,14891.8000,819.4590,-1.3460
México,2005,-0.6240,2.1130,3.4780,36.8410,3.9900,15476.8790,917.5720,-1.4340
México,2006,-0.3170,4.8050,3.5660,35.7770,3.6330,16486.0100,1020.2650,-1.2260
México,2007,-0.8450,2.0780,3.6530,35.5290,3.9690,17023.6630,1102.3560,-1.4580
México,2008,-1.4070,0.9430,3.9040,40.6050,5.1300,17241.8420,1161.5530,-0.6810
México,2009,-0.7510,-6.2950,5.3840,41.6670,5.2960,16003.7630,943.4370,-3.9350
México,2010,-0.3400,4.9710,5.3090,40.1550,4.1550,16747.8190,1105.4240,-3.8040
México,2011,-0.8580,3.4440,5.1900,41.1670,3.4040,17425.4310,1229.0140,-3.2040
México,2012,-1.4100,3.5530,4.9310,40.8150,4.1110,18129.2390,1255.1100,-3.5660
México,2013,-2.3940,0.8520,4.9400,44.0660,3.8040,18355.9150,1327.4360,-3.5590
México,2014,-1.8210,2.5040,4.8350,47.0930,4.0190,18913.7560,1364.5080,-4.3710
México,2015,-2.5990,2.7020,4.3460,50.9730,2.7190,19393.6760,1213.2940,-3.8590
México,2016,-2.2730,1.7720,3.8740,55.0030,2.8200,19728.4610,1112.2330,-2.6810
México,2017,-1.7970,1.8720,3.4190,52.5210,6.0420,20262.5870,1190.7210,-1.0340
México,2018,-2.0640,1.9720,3.3210,52.2020,4.8980,20685.3380,1256.3000,-2.1390
México,2019,-0.2970,-0.3930,3.4890,51.8690,3.6350,20724.8830,1304.1060,-2.2660
México,2020,2.3970,-8.3540,4.4070,58.4560,3.3980,19141.2570,1121.0650,-4.2900
México,2021,-0.3470,6.0480,4.1410,56.6950,5.6930,20814.0610,1316.5690,-3.7470
México,2022,-1.2070,3.7110,3.2740,53.8200,7.8970,22951.4860,1466.4650,-4.3240
México,2023,-0.3130,3.2950,2.7970,52.7710,5.5260,24340.9600,1793.7990,-4.2990
México,2024,-0.3230,1.4540,2.6680,58.4250,4.7230,25074.2330,1852.7230,-5.7210
México,2025,-0.4920,-0.2600,3.8450,60.6640,3.5380,25462.8590,1692.6400,-4.0240
México,2026,-1.1300,1.3700,3.7880,61.1450,3.1740,26171.7050,1775.2960,-3.2700
México,2027,-1.1830,2.1430,3.6810,61.1170,3.0120,27026.6520,1863.8320,-2.8700
México,2028,-1.1740,2.2030,3.6230,61.0760,3.0000,28005.6850,1959.0100,-2.8700
México,2029,-1.1450,2.1750,3.5920,61.1750,3.0000,28951.9320,2053.8840,-2.8700
México,2030,-1.0960,2.1040,3.5810,61.3090,3.0000,29932.4880,2151.8790,-2.8700
Reino Unido,1980,0.6940,-2.0500,7.1330,42.5170,16.8490,9383.5980,604.6970,-2.8360
Reino Unido,1981,1.6930,-0.6880,9.6500,44.7250,12.1890,10195.7080,588.3420,-3.7690
Reino Unido,1982,0.7340,1.9650,10.7250,43.0030,8.5110,11051.6190,559.3260,-2.2710
Reino Unido,1983,0.4080,4.1660,11.4750,41.8170,5.1980,11957.5210,532.9250,-2.8710
Reino Unido,1984,-0.2840,2.2210,11.7500,42.2120,4.4480,12643.3210,504.9390,-3.1600
Reino Unido,1985,-0.0610,4.0870,11.3750,41.2850,5.1600,13541.4120,537.2000,-2.4780
Reino Unido,1986,-0.7360,3.1080,11.3250,41.2770,3.6260,14210.6780,655.0350,-2.3350
Reino Unido,1987,-1.3290,5.4200,10.4250,39.2820,4.0660,15319.7500,814.1020,-1.6710
Reino Unido,1988,-3.2880,5.3760,8.5750,37.0750,4.6120,16679.8240,989.7060,0.2480
Reino Unido,1989,-3.8150,2.4020,7.2250,32.5330,5.2160,17700.2470,1007.6230,0.4780
Reino Unido,1990,-2.8290,0.5610,7.1000,28.4800,6.9990,18413.6590,1197.0210,-1.5350
Reino Unido,1991,-1.0900,-1.4050,8.8500,28.4810,7.5190,18703.3930,1248.6250,-2.7660
Reino Unido,1992,-1.2840,0.2450,9.9500,33.2270,4.2320,19127.9610,1289.5870,-5.4070
Reino Unido,1993,-1.0520,2.2590,10.3750,37.9600,2.5330,19978.9790,1155.1620,-6.6240
Reino Unido,1994,-0.1870,3.4090,9.5000,40.7240,1.9940,21047.3710,1241.7200,-5.7410
Reino Unido,1995,-0.3810,2.3860,8.6250,43.6530,2.6300,21939.6100,1344.5040,-4.9880
Reino Unido,1996,-0.2640,2.5820,8.1000,43.7140,2.4250,22863.3830,1421.0990,-3.6470
Reino Unido,1997,-0.1400,4.9250,6.9500,44.1320,1.8250,24340.2210,1561.2390,-2.0100
Reino Unido,1998,-0.2820,3.4030,6.2500,41.9700,1.5570,25381.2520,1653.8520,-0.2130
Reino Unido,1999,-2.1150,3.0580,5.9750,40.4100,1.3290,26433.1510,1688.2480,0.7600
Reino Unido,2000,-1.8310,4.3420,5.4500,37.6860,0.7960,28108.7890,1668.6900,1.3950
Reino Unido,2001,-1.7730,2.5730,5.1000,34.9580,1.2340,29367.9430,1650.2520,0.3360
Reino Unido,2002,-1.9730,1.7960,5.2000,35.4340,1.2590,30230.4900,1788.5490,-1.9570
Reino Unido,2003,-1.8230,3.1520,5.0000,36.7640,1.3620,31654.5890,2056.2940,-3.2150
Reino Unido,2004,-2.3020,2.4580,4.7500,39.8020,1.3440,33130.8180,2422.6190,-3.1640
Reino Unido,2005,-1.9980,2.7330,4.8250,41.0000,2.0570,34834.4550,2546.0380,-3.1500
Reino Unido,2006,-3.1200,2.3810,5.4250,42.0580,2.3290,36513.3650,2712.2570,-2.7590
Reino Unido,2007,-3.7290,2.6250,5.3500,43.1740,2.3230,38178.2040,3091.6950,-2.6540
Reino Unido,2008,-3.8620,-0.2490,5.7250,50.8270,3.6020,38499.7870,2960.3900,-5.0870
Reino Unido,2009,-3.0680,-4.6210,7.6250,64.9150,2.1650,36688.0300,2421.4760,-10.0570
Reino Unido,2010,-2.7610,2.2330,7.9000,75.8600,3.2980,37661.4010,2487.9240,-9.2190
Reino Unido,2011,-1.6300,1.1380,8.1000,81.4250,4.4640,38553.5110,2664.7190,-7.3780
Reino Unido,2012,-3.1460,1.5090,7.9500,84.4830,2.8280,39601.1360,2707.5710,-7.4490
Reino Unido,2013,-4.6440,1.8000,7.5750,85.3160,2.5650,40743.6040,2786.6650,-5.3440
Reino Unido,2014,-5.0220,3.1950,6.1750,87.0940,1.4610,42452.3720,3066.3040,-5.5290
Reino Unido,2015,-4.9480,2.2230,5.3750,87.8670,0.0400,43453.6890,2928.5580,-4.5940
Reino Unido,2016,-5.4480,1.9220,4.8750,87.8250,0.6600,44343.1800,2699.0860,-3.3120
Reino Unido,2017,-3.4930,2.6570,4.4250,86.7230,2.6830,46061.3490,2682.3840,-2.4910
Reino Unido,2018,-3.9270,1.4050,4.0750,86.3450,2.4780,47107.7130,2875.0240,-2.2700
Reino Unido,2019,-2.6880,1.6240,3.8250,85.6570,1.7910,49940.5390,2853.0740,-2.4720
Reino Unido,2020,-2.9340,-10.2970,4.6250,105.8400,0.8510,47987.7840,2698.7050,-13.1730
Reino Unido,2021,-0.4370,8.5760,4.5500,105.1310,2.5880,52673.0880,3144.0790,-7.7250
Reino Unido,2022,-2.1020,4.8390,3.8000,99.6140,9.0670,58878.6570,3125.4040,-4.5560
Reino Unido,2023,-3.5090,0.3970,4.0500,100.3540,7.3030,60435.0790,3371.1180,-6.0540
Reino Unido,2024,-3.3660,1.1010,4.2750,101.2270,2.5300,61921.2390,3644.6360,-5.7490
Reino Unido,2025,-3.6840,1.0770,4.5000,103.8940,3.1250,63660.6460,3839.1800,-4.4220
Reino Unido,2026,-3.6830,1.4070,4.4000,105.3990,2.2480,65455.6360,4040.8440,-3.7360
Reino Unido,2027,-3.5480,1.5380,4.3000,106.1330,2.0000,67257.5600,4239.5130,-3.1050
Reino Unido,2028,-3.4210,1.4570,4.2000,106.5170,2.0000,69322.0060,4457.3670,-2.8220
Reino Unido,2029,-3.1240,1.4420,4.1000,106.4500,2.0000,71269.3390,4701.9330,-2.5640
Reino Unido,2030,-2.9500,1.4360,4.1000,106.0620,2.0000,73305.6730,4955.9880,-2.2520
Zona do Euro,1991,,,8.2100,,,,6116.2300,-5.0950
Zona do Euro,1992,,1.3860,9.1100,,3.6320,,6745.3140,-5.1400
Zona do Euro,1993,,-0.7860,9.9580,,3.2390,,6130.9220,-5.8600
Zona do Euro,1994,,2.4980,10.6170,,2.7200,,6476.2450,-5.0560
Zona do Euro,1995,,2.8960,10.6500,71.6240,2.4460,,7643.4250,-7.3280
Zona do Euro,1996,,1.6740,10.8000,73.6590,1.9780,,7760.3500,-4.3810
Zona do Euro,1997,0.8170,2.6840,10.8000,73.1270,1.5690,,6969.9330,-3.0770
Zona do Euro,1998,0.3220,2.9570,10.4830,72.7630,1.1020,,7134.1820,-2.4870
Zona do Euro,1999,-0.5050,2.9850,9.7920,71.6610,1.1010,,7152.3380,-1.5850
Zona do Euro,2000,-1.4440,3.8570,9.0580,69.2150,2.1020,,6524.1170,-1.3400
Zona do Euro,2001,-0.3570,2.1590,8.5250,68.2010,2.3430,,6622.7370,-2.0120
Zona do Euro,2002,0.6010,0.9120,8.7580,68.1350,2.2510,,7227.1090,-2.7720
Zona do Euro,2003,0.2430,0.7210,9.1920,69.4170,2.0810,,8906.3140,-3.1620
Zona do Euro,2004,0.7020,2.2970,9.3920,69.7190,2.1450,,10212.6850,-2.8950
Zona do Euro,2005,0.1050,1.7530,9.2420,70.3430,2.1790,,10605.2190,-2.6580
Zona do Euro,2006,-0.1640,3.3110,8.5000,68.3010,2.1820,,11277.4630,-1.5890
Zona do Euro,2007,0.0400,2.9970,7.6500,65.9220,2.1350,,12994.4980,-0.7550
Zona do Euro,2008,-1.8180,0.4150,7.6830,69.5740,3.2730,,14294.7270,-2.2520
Zona do Euro,2009,-0.3000,-4.4570,9.6750,80.0180,0.2910,,13072.0020,-6.2570
Zona do Euro,2010,-0.3190,2.0770,10.2830,85.4250,1.6210,,12798.3770,-6.3160
Zona do Euro,2011,-0.3470,1.7250,10.3000,87.2470,2.7140,,13808.5270,-4.2480
Zona do Euro,2012,0.9720,-0.9510,11.5080,90.7510,2.4980,,12795.1180,-3.8000
Zona do Euro,2013,1.9180,-0.1830,12.1420,92.7440,1.3510,,13358.6520,-3.0380
Zona do Euro,2014,2.3520,1.4380,11.7250,92.9220,0.4320,,13686.1010,-2.5400
Zona do Euro,2015,2.8860,2.1090,10.9670,91.0120,0.1930,,11829.2670,-1.9540
Zona do Euro,2016,3.3300,1.8220,10.1080,89.9160,0.2350,,12121.2490,-1.4760
Zona do Euro,2017,3.3530,2.5960,9.1250,87.4860,1.5380,,12835.8830,-1.0040
Zona do Euro,2018,2.9700,1.7680,8.2170,85.5590,1.7550,,13875.2030,-0.4550
Zona do Euro,2019,2.3890,1.6270,7.5920,83.5920,1.1960,,13589.4840,-0.5490
Zona do Euro,2020,1.8270,-6.0160,7.9670,96.4990,0.2520,,13256.2320,-7.0100
Zona do Euro,2021,2.7240,6.3300,7.7670,93.8510,2.5880,,14927.7160,-5.1020
Zona do Euro,2022,-0.1070,3.5330,6.7420,89.5140,8.3840,,14464.5270,-3.4640
Zona do Euro,2023,1.6660,0.4010,6.5580,87.3600,5.4220,,15789.1080,-3.5550
Zona do Euro,2024,2.8110,0.8550,6.3580,87.7280,2.3640,,16396.1180,-3.1230
Zona do Euro,2025,2.2850,0.8060,6.4450,88.7060,2.0610,,16818.9560,-3.2170
Zona do Euro,2026,2.1250,1.1850,6.3130,89.7320,1.9430,,17453.9540,-3.4370
Zona do Euro,2027,2.0960,1.3480,6.2190,90.4150,2.0340,,18034.4530,-3.4750
Zona do Euro,2028,2.0470,1.2970,6.1720,91.1040,2.0470,,18637.3200,-3.5190
Zona do Euro,2029,2.0530,1.2040,6.1540,91.9290,2.0360,,19250.0300,-3.6060
Zona do Euro,2030,2.0620,1.1290,6.1560,92.9160,2.0390,,19880.2720,-3.6960
Índia,1980,-1.5040,6.7360,,,11.3460,525.8940,186.1700,
Índia,1981,-1.6390,6.0070,,,12.6540,596.4960,193.1530,
Índia,1982,-1.6960,3.4750,,,7.7360,640.7170,200.0350,
Índia,1983,-1.4700,7.2890,,,12.5580,698.3860,218.2180,
Índia,1984,-1.1410,3.8200,,,6.5180,734.4290,211.8430,
Índia,1985,-2.0600,5.2540,,,6.2510,779.7320,233.5200,
Índia,1986,-1.8370,4.7770,,,8.8900,815.0050,248.3980,
Índia,1987,-1.7380,3.9650,,,9.0580,849.3300,278.8640,
Índia,1988,-2.4460,9.6280,,,7.2140,943.1120,294.4790,-7.0100
Índia,1989,-2.0140,5.9470,,,4.5700,1016.1010,296.0430,-7.6770
Índia,1990,-2.9980,5.5340,,,11.1980,1088.8930,320.9790,-8.0690
Índia,1991,-0.4330,1.0570,,76.6530,13.4810,1113.9570,270.1050,-7.9000
Índia,1992,-1.7050,5.4830,,78.7620,9.8620,1177.1370,288.2100,-7.8930
Índia,1993,-0.4150,4.7510,,78.3280,7.2830,1236.6970,279.2950,-8.5700
Índia,1994,-1.0300,6.6590,,74.7530,10.2720,1320.2640,327.2750,-7.9970
Índia,1995,-1.6370,7.5740,,70.8760,9.9600,1421.4420,360.2810,-6.8140
Índia,1996,-1.1440,7.5500,,67.1330,9.4330,1526.6620,392.9020,-6.7050
Índia,1997,-1.3230,4.0500,,69.0080,6.8450,1585.1650,415.8950,-8.2760
Índia,1998,-0.9580,6.1840,,69.2840,13.1260,1670.2870,421.3780,-9.7420
Índia,1999,-1.0240,8.8460,,71.2670,3.4250,1809.9780,458.8210,-8.7010
Índia,2000,-0.5690,3.8410,,74.9410,3.8170,1887.3700,468.3960,-8.4090
Índia,2001,0.7000,4.8240,,80.1100,4.4420,1986.7070,485.4400,-11.0330
Índia,2002,1.2320,3.8040,,84.3040,4.9970,2057.4440,514.9380,-11.0720
Índia,2003,2.3170,7.8600,,85.8830,4.0960,2224.2940,607.7010,-11.4280
Índia,2004,-0.3480,7.9230,,84.8900,3.9970,2424.1780,709.1520,-9.2210
Índia,2005,-1.2070,7.9230,,82.3780,3.6790,2655.3560,820.3850,-7.4930
Índia,2006,-1.0170,8.0610,,77.9410,6.7360,2913.1450,940.2600,-6.3800
Índia,2007,-1.2930,7.6610,,75.4550,5.9190,3174.3950,1216.7360,-4.5860
Índia,2008,-2.3280,3.0870,,74.3680,9.2120,3288.3080,1198.8950,-9.1710
Índia,2009,-2.8640,7.8620,,72.7700,10.6070,3519.4050,1341.8890,-9.7010
Índia,2010,-2.8570,8.4980,,67.7020,9.3680,3812.0020,1675.6150,-8.7950
Índia,2011,-4.2900,5.2410,,68.6480,8.1120,4039.1990,1823.0520,-8.3490
Índia,2012,-4.8060,5.4560,,67.9850,10.0490,4281.4860,1827.6370,-7.5500
Índia,2013,-1.7370,6.3860,,67.7130,9.3830,4572.7090,1856.7210,-7.0000
Índia,2014,-1.3140,7.4100,,67.1020,5.8330,4935.5020,2039.1270,-7.0710
Índia,2015,-1.0500,7.9960,,69.0490,4.9080,5316.1030,2103.5880,-7.2050
Índia,2016,-0.6250,8.2560,,68.9430,4.5250,5741.2610,2294.7970,-7.1200
Índia,2017,-1.8350,6.7950,,69.6690,3.5870,6169.4990,2651.4740,-6.2270
Índia,2018,-2.1160,6.4540,8.9010,70.3920,3.4140,6742.7080,2702.9300,-6.3760
Índia,2019,-0.8660,3.8710,7.4840,75.0400,4.7690,7181.5220,2835.6060,-7.6940
Índia,2020,0.8980,-5.7780,8.6620,88.4270,6.1650,6997.3600,2674.8520,-12.8640
Índia,2021,-1.2220,9.6900,7.3650,83.4870,5.5060,8087.9940,3167.2710,-9.4480
Índia,2022,-2.0020,7.6090,5.3000,82.1730,6.6530,9260.7150,3346.1070,-8.9690
Índia,2023,-0.7160,9.1910,4.9390,81.2310,5.3610,10391.7410,3638.4900,-7.9160
Índia,2024,-0.7930,6.4600,4.9390,81.2860,4.6680,11227.6890,3909.0970,-7.3770
Índia,2025,-0.9460,6.1980,4.9390,80.3910,4.2380,12131.8360,4187.0170,-6.8580
Índia,2026,-1.4080,6.2650,4.9390,79.6050,4.0920,13060.3030,4601.2250,-7.1570
Índia,2027,-1.6070,6.4710,4.9390,78.7750,4.0000,14043.1220,5069.4700,-7.0730
Índia,2028,-1.8590,6.4800,4.9390,77.8820,4.0000,15141.2540,5584.4760,-6.9880
Índia,2029,-2.0690,6.4900,4.9390,76.9190,4.0000,16290.2270,6148.4260,-6.8080
Índia,2030,-2.2480,6.4990,4.9390,75.8450,4.0000,17539.1910,6769.8160,-6.6500
